dimension,ratio
100,76750.949502819
200,80621.5379617047
300,76695.9614941241
400,79067.5202298096

