i,Hollow,Binary
11,52.8,110
12,56.63333333,250
13,64.66666667,687
14,80.86666667,1987
15,113.8333333,5389
16,183.3666667,12902
17,307.7333333,23193
18,536.6666667,24243
